,Submitted at,Nom du Scout,Prenom,Nom,Position,Pied,Aperçu,Comment
5,2023-11-27 14:04:10,Noël Antoine Sagna,,,,,D- Vu ,"Joueur de surface qui a besoin d'être alimenté en ballons par ses coéquipiers, assez bon jeu de tête, avec une belle capacité à se remettre face au but pour frapper, parvient à se défaire du marquage, déplacements intéressant à l'intérieur de la surface. Manque un peu de puissance, doit progresser dans la couverture et protection de balle en utilisant un peu plus son corps, sa qualité technique balle au pied est moyenne.
En prenant peut-être un peu de masse musculaire, il peut progresser sur certains aspects du jeu, mais à l'heure actuelle, son manque de justesse technique est évident, et donc préjudiciable pour le haut niveau européen ."
7,2023-11-28 14:10:12,Noël Antoine Sagna,,,,,D- Vu ,"Avant centre qui dézone beaucoup, peine à se créer des occasions ou des situations face au but, décroche pour toucher au ballon mais ne parvient pas à rejouer vers l'avant ou casser les lignes en se projetant, jeu de tête moyen, qualité de frappe moyenne, ne cadre pas 1 fois sur 2.
Profil pas intéressant pour le Servette
"
9,2023-11-28 14:10:12,Noël Antoine Sagna,,,,,D- Vu ,"Avant centre qui dézone beaucoup, peine à se créer des occasions ou des situations face au but, décroche pour toucher au ballon mais ne parvient pas à rejouer vers l'avant ou casser les lignes en se projetant, jeu de tête moyen, qualité de frappe moyenne, ne cadre pas 1 fois sur 2.
Profil pas intéressant pour le Servette
"
14,2023-11-30 10:37:13,Noël Antoine Sagna,,,,,D - Vu ,"Joueur agressif, solide et dur dans les duels au corps à corps, a besoin d'être au contact de son adversaire direct pour bien défendre et intercepter le ballon en utilisant sa puissance . En difficulté devant un joueur vif, rapide, dribbleur et tonique , vu son gabarit il est vite pris de vitesse si l'adversaire direct garde ses distances. Techniquement moyen, sa relance peut être assez médiocre, il a tendance à dégager sans chercher une possible relance propre dans les pieds, il utilise que son pied droit, et son jeu de tête est moyen.
Il est pas mal dans la lecture du jeu défensif, se place et déplace ""correctement"" pour compenser les espaces ou permuter dans le marquage.
A mon avis pas assez propre dans son jeu pour le Servette
"
21,2023-12-04 10:40:16,Noël Antoine Sagna,,,,,B - Suivi,"Joueur fin techniquement, assez juste, qualité de dribble, passes, avec une belle vision de jeu qui lui permet d'orienter facilement, capable de jouer en 1 touche grâce à sa capacité à se situer sur le terrain. Sait souvent ce qu'il va faire du ballon avant de le recevoir, capable de défendre et récupérer des ballons pour se projeter, jouer vers l'avant, ou dans la profondeur, il peut aussi être à la finition.
Très bon profil."
23,2023-12-04 12:24:58,Noël Antoine Sagna,,,,,D - Vu ,"Qualité de percussion, assez puissant et solide dans les duels, joue bien avec son corps pour protéger le ballon, ressemble plus à un joueur de coté qui a besoin d'espace pour  se projeter et percuter balle au pied.
Qualité de dribble et de passes moyennes.
Jeu de tête moyen.
Vision moyenne, ce qui pose problème dans ses choix de jeu.
Difficulté dans ses appuis, ses courses balle au pied.
Trop juste pour le haut niveau.
"
25,2023-12-04 12:35:05,Noël Antoine Sagna,,,,,D - Vu ,"Joueur impossible à observer, pas de matchs en ligne."
27,2023-12-04 13:45:43,Noël Antoine Sagna,,,,,D - Vu ,"Impossible à juger, pas de vidéos disponibles."
28,2023-12-04 20:12:36,Noël Antoine Sagna,,,,,C - Potentiel,"Joueur avec une bonne qualité technique, assez bonne maitrise du ballon sous pression, assez bon dans le jeu en déviation , remise, capable d'éliminer l'adversaire balle au pied, joueur très actif , avec beaucoup d'appels et de courses pour offrir des solutions, ou libérer l'espace.
Doit progresser dans la finition,  dans son jeu aérien, et manque d'adresse devant le but. Je reste un peu dubitatif sur sa capacité à s'adapter à l'impact physique des duels à haute intensité."
29,2023-12-04 21:19:03,Noël Antoine Sagna,,,,,D - Vu ,"Bonne qualité technique, joueur vif, rapide , avec une belle capacité à dribbler pour éliminer l'adversaire, profil d'un joueur de couloir intéressant, mais il manque de puissance dans les duels, risque d'être en difficulté dans l'impact physique du haut niveau."
30,2023-12-05 07:24:40,Noël Antoine Sagna,,,,,D - Vu ,"Bon technicien, avec une bonne qualité d'orientation, à l'aise balle au pied, joueur vif, et tonique, qui à besoin d'être en mouvement pour être efficace. Sa qualité de passe en profondeur moyenne, dans l'impact physique il peut être en difficulté vu son gabarit, joueur qui doit constamment fuir le corps à corps pour s'exprimer techniquement, dans un championnat à haute intensité, avec des duels très physique , il aura du mal malgré sa capacité à bien manier le ballon."
36,2023-12-06 14:56:51,Noël Antoine Sagna,GAIUS,MAKOUTA,,,C - Potentiel,"Joueur très actif, beaucoup de courses et d'appels, généreux dans l'effort, il est plus efficace sur un coté, il a besoin d'espace pour s'exprimer, se projeter et déborder. Il est capable d'être agressif dans les duels en phase défensive , tout en se projetant dans les phases offensives à la récupération du ballon. Techniquement ce n'est pas mauvais ,mais ca manque de justesse et de maitrise par moment, ce qui peut poser problème quand il évolue dans l'axe au poste de milieu défensif. Profil intéressant, mais sa qualité technique peut être problématique pour le très haut niveau."
37,2023-12-06 15:18:41,Noël Antoine Sagna,Alain ,IPIELE,,,D - Vu ,Trop juste pour le haut niveau. 
40,2023-12-07 20:02:38,Alexander Weiss,Yannik,Engelhardt,,,,"Position.
Zentraler, mehr defensiver Mittelfeldspieler.

Physis.
Grosser schlaksiger Spieler

Stratege.
Ballverteiler

Strategischer Spieler

Vista.
Gute Spielübersicht

Gutes Auge

Kann letzten Pas spielen

Laufstärke.
Grosses Laufpensum

Technik
Solide allgemeine Technik

Wirkt elegant und geschmeidig mit Ball

Wendig mit und ohne Ball

Fast immer anspielbar

Zweikampf.
Clever in der Zweikampf-Führung

Scheut sich auch nicht mal ein taktisches Foul zu machen

Organisiert.
Ruft, dirigiert, organisiert.

Wichtiger Spieler bei SC Freiburg.
Er ist mit 20 Jahren praktisch ein fester Wert

22.11.2021 alw
"
41,2023-12-07 22:34:24,Noël Antoine Sagna,ANDREA,COMPAGNO,,,,"Joueur avec un bon jeu de tête, capable de jouer en remise dos au but, qualité technique moyenne, finition moyenne, pas assez adroit devant le but, ca manque de vitesse, de puissance, de vivacité, vitesse d'exécution, trop juste techniquement pour le haut niveau."
46,2023-12-10 22:23:32,Noël Antoine Sagna,JON,IRAZABAL,,,,"Qualité défensives moyennes, relances approximatives, souvent en difficulté dans les duels, jeu de tête intéressant, mais trop juste pour le très haut niveau."
47,2023-12-11 07:28:43,Noël Antoine Sagna,Ademola ,Ola-Adebomi,,,,"Pas assez d'images pour juger correctement ce joueur, sur le peu observé techniquement ca parait moyen, ressemble à un joueur de surface, jeu de tête pas mal, en pivot et remise aussi."
49,2023-12-11 13:39:53,Noël Antoine Sagna,Dorny Alexander ,Romero Chalas,,,,"Joueur rapide, mais techniquement trop juste."
50,2023-12-11 13:44:34,Noël Antoine Sagna,Antoine ,BAROAN,,,,"1 .Joueur déroutant, très spontané sur ses actions, prises de risques, beaucoup de courses, mais techniquement trop juste."
53,2023-12-11 15:29:16,Noël Antoine Sagna,Oliver,Batista-Meier,,,,"Qualité technique, bonne maitrise du ballon sous pression, bon dans le jeu dos au but sur une déviation, se projette balle au pied, avec une bonne capacité de dribble.
Manque de puissance, dans les duels il est vite en difficulté dès qu'il y a de l'agressivité"", de l'intensité. Malgré tout il est assez jeune et possède encore une marge de progression. Noté C"
65,2023-12-11 20:09:03,Noël Antoine Sagna,Marvin,Martins,,,,"Qualité défensives moyennes, relance approximative.
Note: D "
66,2023-12-12 08:05:49,Noël Antoine Sagna,Lars,Kramers,,,,"Qualités défensives moyennes, avec une mauvaise anticipation, en retard sur ses interventions, vite prit de vitesse, manque de vivacité .
Note / D"
67,2023-12-12 09:04:09,Noël Antoine Sagna,Kipras,Kazukolovas,,,,"Joueur athlétique, assez bonne relance, calme, bon dans les duels, défends debout.
Comme beaucoup de joueur grand de taille, il est en difficulté devant des adversaires vif et rapide, son jeu de tête est moyen , il apporte rarement le surnombre au milieu du terrain , ca manque d'agressivité quand même, à revoir en live peut être .
Note / C"
69,2023-12-12 09:30:10,Noël Antoine Sagna,YAGO,SANTIAGO,,,,"Joueur qui parait vif, technique, avec qualité de percussion.
Manque de support pour bien l'évaluer."
70,2023-12-12 10:28:24,Noël Antoine Sagna,LEANDRO,ANDRADE,,,,"Bon joueur, qualité technique, jeu vers l'avant, se projette vite et percute balle au pied, bonne qualité de dribble, avec une belle prise de balle orientée, casse les lignes sur ses percussions et en se projetant. Manque un peu de puissance dans les duels, ce constat est flagrant lors des matchs de coupe d'Europe ou internationaux, ou il est un peu plus mis en difficulté que lors des matchs de championnat.
Profil intéressant .
Note : C"
72,2023-12-12 12:00:09,Noël Antoine Sagna,TOMISLAV,GUDELJ,,,,"Trop juste techniquement, manque de vitesse, de changement de rythme, de vitesse d'exécution
Note: D"
73,2023-12-12 13:49:54,Noël Antoine Sagna,AMINE ,HABOUBI,,,,"Maitrise technique sous pression correcte, avec une bonne qualité de dribble en mouvement, percute balle au pied, bon et solide dans les duels offensifs, assez bon jeu de tête , déplacements assez bon . Par contre il simule beaucoup, manque d'adresse devant le but, finition inexistante, je crois qu'il a marqué tous ses buts de la tête, sa qualité de passe est médiocre, encore beaucoup de progrès a effectuer surtout si il évolue en pointe au poste d'avant-centre, mais il n'a que 21 ans .
Pas encore prêt à être titulaire au Servette .
Note : C avec beaucoup de précaution ."
74,2023-12-12 14:30:27,Noël Antoine Sagna,RYOTARO,ARAKI,,,,"Très beau joueur, techniquement fin , bonne qualité de dribble, qualité de pied, joueur vif et rapide, doit être constamment en mouvement pour parvenir à garder le ballon ou à être efficace, physiquement dans les duels il peut être en difficulté vu son gabarit, son aisance technique et sa vivacité lui sont très utiles dans ces moments.
Jeune joueur au profil intéressant, seul bémol peut-il s'adapter à l'intensité physique des championnats européen ? ( Tsunemoto l'a fait)

Note: B"
75,2023-12-12 15:12:24,Noël Antoine Sagna,SAMUEL,NTAMACK,,,,"Joueur qui se projette balle au pied, qui aime les espaces, qualité de dribble moyenne, finition moyenne aussi, ne cadre pas beaucoup, jeu aérien médiocre.
Techniquement trop juste .
Note: D"
77,2023-12-12 20:55:30,Noël Antoine Sagna,TAKUMA,NISHIMURA,,,,"Ca manque de tout, techniquement moyen, manque de puissance, de vitesse, d'agressivité, de percussion, pas assez décisif, pas d'influence sur le jeu.
Note : D"
78,2023-12-13 08:32:32,Noël Antoine Sagna,NICHOLAS,GIOACCHINI,,,,"Qualité technique correcte, qualité de dribble moyenne, jeu aérien moyen, essai de percuter et se projeter beaucoup balle au pied, vitesse, jeu en remise sous pression.
A mon avis un peu juste techniquement et physiquement dans un match à haute intensité, avec de l'impact et des duels physique, des espaces réduits et un jeu plus rapide, il risque d'être en difficulté . Autres éléments sur son profil, il lui manque la finition,  son jeu de tête est médiocre.
Note : C avec un ?"
79,2023-12-13 09:19:38,Noël Antoine Sagna,EMMANUEL,MATUTA,,,,"Profil très intéressant, qualité technique, capable d'évoluer en défense centrale ou au milieu, bonne relance, solide, beaucoup d'impact et d'agressivité dans ses interventions, il va plutôt vite, oriente bien le jeu, capable de trouver la profondeur sur des passes.
Le problème est qu'il ne joues plus depuis un moment, malgré tout il est jeune, doit encore travailler pour progresser dans certains domaines, mais son profil et sa jeunesse peuvent être intéressant pour l'avenir.
Note : B 
"
80,2023-12-13 12:39:28,Noël Antoine Sagna,LIAM ,CULLEN,,,,"Joueur technique , avec qualité de vitesse, bon jeu de tête.
Ne correspond pas au profil recherché.
Note : C"
81,2023-12-13 13:00:04,Noël Antoine Sagna,BILAL,MAZHAR,,,,"Pas assez de support pour l'évaluer, que des matchs en équipe réserve."
82,2023-12-13 13:10:57,Noël Antoine Sagna,YUKI ,KOBAYASHI,,,,"Bon jeu de tête, relance sous pression correcte, agressif dans les duels, pour le reste sa qualité défensive est moyenne, souvent prit de vitesse, il manque de vivacité sur ses appuis, très mauvaise anticipation sur ses interventions.
Note : D
"
84,2023-12-13 16:42:55,Noël Antoine Sagna,DANIEL,SZCZEPAN,,,,"Joueur très physique, puissant, solide dans les duels, techniquement pas mal, mais manque de justesse, joue beaucoup avec sa puissance, brouillon dans son jeu par moment, manque de vision de jeu, de lucidité. Joueur possédant pas le profil d'un attaquant sachant jouer dos au but, capable de garder le ballon, malgré certaines capacités à combiner avec ses coéquipier."
87,2023-12-15 09:09:20,Noël Antoine Sagna,TIAGO,MORAIS,,,,"Qualité de vitesse, vivacité, percussion, maitrise technique sous pression, profondeur balle au pied, avec qualité de dribble.
Manque de puissance, en difficulté dans les duels au corps à corps, mais compense par sa vivacité et sa technique.
PROFIL INTERESSANT
Note : B"
92,2023-12-15 11:41:17,Noël Antoine Sagna,HAYTHEM,JOUINI,,,,"Joueur athlétique, solide dans les duels, bon jeu de tête, à l'aise balle au pied, capable d'éliminer l'adversaire sur un dribble malgré son gabarit, manque un peu d'adresse devant le but.
Pas le profil recherché à mon avis.
Note : D"
94,2023-12-15 16:48:44,Noël Antoine Sagna,EDARLYN,REYES,,,,"AUCUNES VIDEOS SUR ISF, JOUEUR INTROUVABLE SUR WYSCOUT."
95,2023-12-15 17:29:56,Noël Antoine Sagna,khanyisa,mayo,,,,Pas assez de vidéos sur Wyscout ainsi que ISF.
96,2023-12-15 17:40:14,Noël Antoine Sagna,DORNY ,ROMERO,,,,"Vidéos datant de 2021 sur Wyscout, et aucuns supports sur ISF."
102,2023-12-16 21:04:31,Noël Antoine Sagna,KEVIN,GODEN,,,,"Evolue en 4eme division Allemande, pas de vidéos pour évaluer."
103,2023-12-16 21:47:55,Noël Antoine Sagna,FALLOU,NDIAYE,,,,"Joueur très dur sur l'homme, agressif, rugueux dans ses interventions, à la limite dans plusieurs intervention. Assez bonne relance sous pression, un peu basic comme défense par moment, fait beaucoup trop de fautes, comme souvent en difficulté devant un joueur vif et rapide, mauvaise anticipation, joue trop avec sa force physique.
Note : D "
107,2023-12-17 22:32:15,Noël Antoine Sagna,MAI,TRAORE,,,,"Joueur avec une assez bonne maitrise sous pression, remise et repart de suite vers l'avant, qualité de dribble moyenne, jeu de tête correct, sait combiner avec ses coéquipiers, travail défensif, beaucoup de courses et d'appels.
Par contre ca manque d'adresse, techniquement moyen, finition moyenne aussi, se précipite beaucoup sur les appels.
Note : C"
109,2023-12-18 21:05:16,Noël Antoine Sagna,OMAR,FARAJ,,,,"Assez bonne qualité de dribble, joueur solide dans les duels, parvient à se créer pas mal de situations, grosse activité , correct dans le jeu en pivot.
Malgré tout, ca manque de vitesse, justesse technique moyenne , qualité de frappe très moyenne, pareil pour son jeu de tête, manque de finition,  il doit aussi apprendre à joueur avec les autres, il a parfois la tête dans le guidon, et s'obstine à prendre une solution individuelle au lieu de combiner avec ses coéquipiers.
Ca reste un profil intéressant, il n'a que 21 ans, et ses défauts ne me paraissent pas irréversible.
Note : C"
113,2023-12-19 08:01:52,Noël Antoine Sagna,AYO,AKINOLA,,,,"Maitrise technique sous pression correcte, joue le plus souvent en remise dans ces moments là, jeu de tête moyen, bon jeu sans ballon avec des appels dans les espaces , ou pour en créer. 
Ne joue plus depuis septembre 2023, pas de but depuis septembre2022.
Manque de maitrise technique dans ses conduites de balle, dans ses dribbles, sa finition est moyenne, il manque d'adresse devant le but, parvient rarement à se créer des situations individuellement, à mon avis trop juste ne serait-ce que techniquement .
Note : D"
114,2023-12-19 10:23:54,Noël Antoine Sagna,DENIZ,HUMMET,,,,"Joueur à l'aise balle au pied, qualité technique, maitrise technique sous pression, bonne frappe de balle, il cadre pratiquement tout le temps, il décroche beaucoup quand il le faut pour remiser, combiner avec les coéquipiers, jeu de tête, joueur solide dans les duels, rapide balle au pied, sens du but , il est adroit dans et en dehors de la surface. Il a une grosse activité sur le terrain, joueur au profil très intéressant.
Note : B"
115,2023-12-19 10:47:45,Noël Antoine Sagna,STEPHEN,PAYNE,,,,"Joueur évoluant en 3eme division américaine, qualité défensif très moyenne.
Note : D"
116,2023-12-19 13:01:55,Noël Antoine Sagna,GUSTAV,ENGVALL,,,,"Joueur très actif, fin techniquement, avec une belle qualité de projection et percussion balle au pied, sens du but dans ses appels et déplacements, va vite, a l'aise balle au pied, qualité de dribble, solide dans les duels, il est bon dans les remises, assez bonne frappe de balle, il cadre beaucoup.
Doit progresser encore dans la finition et le jeu de tête.
Profil très intéressant.
Note : B"
117,2023-12-19 13:28:24,Noël Antoine Sagna,SUNDAY,AFOLABI,,,,"Joueur puissant dans les duels, se projette avec la récupération du ballon, mais beaucoup trop juste techniquement pour le haut niveau à mon avis, même si je ne connais pas le championnat Indonésien.
Note : D"
118,2023-12-19 14:35:12,Noël Antoine Sagna,TERELL,THOMAS,,,,"Manque de vivacité, trop juste pour le haut niveau.
Note : D"
119,2023-12-19 14:38:49,Noël Antoine Sagna,BRUNO ,VIROLAN,,,,Aucunes vidéos pour évaluer ce joueur .
120,2023-12-19 14:51:28,Noël Antoine Sagna,YOUSSEF,EL MARIJI,,,,Aucuns supports vidéos pour évaluer le joueur.
127,2023-12-21 08:51:18,Noël Antoine Sagna,MARIUS,CORBU,,,,"Joueur avec une bonne qualité technique, bonne vision et orientation du jeu, sortie de balle sous pression dans les phases de transitions avec relais défense attaque, jeu long correct, capable de dribbler.
Doit progresser dans la dernière passe, la finition, ca manque de puissance par moments dans les duels physique.
Note: C
"
129,2023-12-21 13:39:11,Noël Antoine Sagna,KEANU,BACCUS,,,,"Qualité technique, bonne orientation du jeu, jeu vers l'avant , parvient a se projeter balle au pied, récupère pas de ballons ,bonne relance, capable d'effectuer  pressing agressif.
Manque un peu de puissance, doit mettre plus d'application dans certaines de ses transmissions.
Profil intéressant : C "
131,2023-12-21 14:22:20,Noël Antoine Sagna,DEJAN,VIDIC,,,,"Joueur avec un gabarit énorme, que l'on a du mal à contourner pour défendre, doit surement être intéressant dos au but, sur des remises en pivot, des déviations, pas ridicule balle au pied, mais manque cruellement de vitesse, de vivacité, de vitesse d'exécution, et surtout d'adresse devant le but.
Sera à mon avis en grande difficulté lors de matchs de haut niveau.
Note : D"
136,2023-12-21 18:45:05,Noël Antoine Sagna,PETER,AMBROSE,,,,"Joueur puissant, solide dans les duels, rapide, à besoin d'espace pour s'exprimer en se projetant et en percutant les défenses, bon jeu de tête.
Techniquement moyen, il manque d'adresse devant le but, de clairvoyance , doit apprendre à jouer et combiné avec ses coéquipiers, un peu brouillon dans son jeu. Jeune joueur, il a encore beaucoup de progrès à faire et dans beaucoup de domaines ( Finition, passes, vision, adresse et justesse technique) .
Note : C ou D je pense qu'il va progresser."
151,2023-12-26 11:07:36,Noël Antoine Sagna,PEDRO,DA SILVA E SOUSA,,,,"Assez bonne qualité technique, jeu à 1 touche de balle, remise , assez vif balle au pied, mais ca manque de jeu vers l'avant, d'apport offensif, parvient difficilement à se créer des occasions, des situations.
Note : D"
152,2023-12-26 13:08:57,Noël Antoine Sagna,MOHAMED ,DHAOUI,,,,"Qualité de vitesse et percussion, parait vif .

Note : D"
153,2023-12-26 13:40:42,Noël Antoine Sagna,ROMAN,YAKUBA,,,,"Joueur athlétique, techniquement pas mal.
Manque de vitesse et vivacité, en difficulté dans la vitesse de jeu , et face à des joueurs rapide et vif.
Note : D
"
154,2023-12-26 14:22:38,Noël Antoine Sagna,UROS,MILOVANOVIC,,,,"Profil intéressant, avec une assez bonne qualité technique, jeu dos au but, remise , déviation, pas mal dans ses déplacements sans ballon, joueur de surface qui à besoin de ballon pour être efficace , malgré tout manque de beaucoup de choses, doit progresser dans dans la finition, sa frappe de balle est moyenne, ca manque d'adresse, de vitesse d'exécution, son jeu de tête est intéressant mais doit aussi progresser, sa qualité balle au pied aussi.
Jeune joueur avec potentiel, sans garantit de progression.
Note : C"
155,2023-12-26 14:52:05,Noël Antoine Sagna,MATIAS,COCCARO,,,,"Qualité technique, mais beaucoup trop léger dans le défi physique, les duels à haute intensité.
Note: D"
156,2023-12-26 15:46:54,Noël Antoine Sagna,GASTON ,VERON,,,B- Suivi,"Jeu dos au but , bonne qualité technique, capable d'éliminer balle au pied, maitrise technique sous pression, dans les duels, jeu vers l'avant, capable de frapper au but dans et en dehors de la surface, toujours bien positionner pour reprendre le ballon, prise de risque, avec un bon jeu de tête.
PROFIL TRES INTERESSANT 
Note : B parce que il est nécessaire de le voir en live, mais le A pointe son nez."
158,2023-12-26 16:58:53,Noël Antoine Sagna,GUILHERME,PAREDE,,,,"Qualité technique, manque de puissance, en difficulté dans les duels, et le jeu à haute intensité.
Note : D"
159,2023-12-26 17:39:52,Noël Antoine Sagna,SEBASTIAN,GUERRERO,,,,"Vitesse, vivacité.
Note : D"
160,2023-12-26 17:56:29,Noël Antoine Sagna,ANDERSON,DE JESUS SANTOS,,,,"Grand gabarit, relance moyenne, manque de vivacité, en difficulté face aux joueurs rapides.
Note : D"
161,2023-12-26 18:40:28,Noël Antoine Sagna,MAELO,RENTERIA,,,,"Joueur athlétique, puissant , va vite avec une assez bonne qualité balle au pied, très vif pour son gabarit, il manque de justesse technique, sa frappe de balle est moyenne, il doit progresser dans la finition, le jeu de tête et apprendre à jouer avec les autres par moments.
Profil intéressant avec une bonne marge de progression.
Note : C "
163,2023-12-27 15:28:57,Noël Antoine Sagna,BRUNO FELIPE,SOUZA DA SILVA,,,D - Vu ,"Qualités technique, de débordement, repli défensif, mais manque d'efficacité dans les 30 derniers mètres, parvient pas à apporter le danger."
166,2023-12-27 18:31:19,Noël Antoine Sagna,SIRINE,DOUCOURE,,,C - Potentiel,"Maitrise technique balle au pied correcte malgré sa taille, parvient à se projeter et percuter balle au pied, solide dans les duels, et capable de remiser pour ses coéquipiers.
Il doit progresser dans ses appuis que je trouve décousue, sa qualité balle au pied serait meilleur avec de bons appuis, même si techniquement et dans son jeu ca peut paraitre un peu brouillon des fois. Progresser dans ses choix de jeu aussi, ( quand dribbler, donner le ballon ou frapper au but) , dans son jeu de tête , sa finition et ses déplacements . Joueur avec une marge de progression intéressante, il a encore beaucoup de travail pour évoluer sur du long terme au haut niveau, avant-centre serait à mon avis le meilleur poste pour lui, en utilisant ses appels dans la profondeur vers le but, il est capable d'éliminer son adversaire direct balle au pied pour finir, mais pour sa il lui faut de meilleurs appuis, une qualité de finition, et des choix beaucoup plus judicieux . Il y a beaucoup de boulot pour un résultat incertain, malgré tout profil intéressant."
167,2023-12-28 09:44:21,Noël Antoine Sagna,SAMBOU,SISSOKO,,,D - Vu ,"Manque de vitesse de jeu, de vitesse, et de justesse technique."
169,2023-12-28 15:21:44,Noël Antoine Sagna,SEKOU ,KOITA,,,B- Suivi,"Joueur vif, qualité de dribble, jeu en mouvement, solide dans les duels, joue beaucoup en 1 touche de balle ,en déviation , remise, assez bonne qualité technique, adroit balle au pied, même si il n'utilise que son pied fort ( gauche).
Combine beaucoup en partant de loin pour se projeter, percuter.
Malgré son jeu toujours en mouvement, je trouve que l'on a du mal à le trouver dans la surface, sur les 3 matchs observés, 2 en LDC et l'autre en championnat, il est très efficace en partant de loin, parce que son jeu en mouvement lui permet de casser les lignes, et de faire progresser le ballon. Mais une fois dans les derniers 20 mètres, il peine à se créer des situations, ou les coéquipiers peinent à le mettre dans de bonnes conditions.
Son jeu de tête est aussi moyen, et il doit faire attention à son positionnement, il est souvent pris au hors-jeu trop facilement.
Après il a fait peu de matchs, entre fin septembre et décembre 2023, il n'a fait que 3 matchs, il manque donc de rythme et de repères.
Profil intéressant malgré tout, on sent qu'il a du potentiel."
170,2023-12-28 17:11:29,Noël Antoine Sagna,OUMAR ,SAKO,,,D - Vu ,"Manque de vivacité, vitesse, appuis qui manquent de tonicité, souvent en retard dans ses interventions."
171,2023-12-29 10:26:44,Alexander Weiss,test,test,6,Droit,D- Vu ,test
178,2024-01-03 09:03:09,Noël Antoine Sagna,EFE,SARIKAYA,Latéral,Gauche,C- Potentiel,"Jeune joueur, avec une bonne qualité défensive, bons appuis, défend debout, bonne lecture du jeu qui lui permet d'anticiper sur ses interventions, bonne relance, agressif, va au pressing sur l'adversaire. Capable de jouer en défense centrale, il a une assez bonne vitesse, doit progresser dans certaines phases de transitions.
Les images observées datent de la saison passée."
179,2024-01-03 09:14:29,Noël Antoine Sagna,ALIOU,BADJI,Attaquant,Droit,D- Vu ,"Assez bonne maitrise technique sous pression dos au but, capable de remiser, donner et se déplacer ensuite ,on sent de la vivacité, de la vitesse dans son jeu.
Malgré ca , il manque d'adresse devant le but, parvient difficilement à se créer des occasions, à amener le danger devant le but, moyen dans le jeu aérien, sa qualité de dribble est moyenne, et sa justesse technique aussi. Après le contexte Bordelais est un peu particulier en ce moment, il joue pas beaucoup, et son dernier but remonte à mars 2023."
182,2024-01-03 22:24:18,Noël Antoine Sagna,YUNUSA,MURITALA,Attaquant,Droit,B- Suivi,"Attaquant qui manque un peu d'adresse devant le but, mais il est spontané , capable de prise de risques devant le but, techniquement pas mal, adroit balle au pied, bonne protection de balle,  joue simple , il sait combiner avec ses coéquipiers, il joue assez juste , capable de faire des passes dans la profondeur, efforts défensif, il a une capacité à se mettre dans une bonne position pour faire face au but, il est très malin .
Profil très intéressant."
183,2024-01-04 15:50:03,Noël Antoine Sagna,BORIS,POPOVIC,Central,Droit,D- Vu ,"Qualité technique, relance propre, il essai de toujours trouver un coéquipier lors de ses relances, jeu de tête offensif et défensif, correct dans les duels, mais en difficulté devant  vitesse et vivacité, à du mal à se retourner , son placement est parfois approximatif.
Peut parfois laisser paraitre un peu de nonchalance dans ses interventions, ou être irrégulier dans ses performances au vu de l'historique de ses matchs ou il peut être remplaçant ou sortir en court de match.
Profil moyen"
184,2024-01-04 17:24:08,Noël Antoine Sagna,JEAN ,RUIZ,Central,Gauche,D- Vu ,"Qualité défensive moyenne, laisse trop d'espace à l'adversaire, bonne relance , bon jeu long.
Profil moyen"
185,2024-01-04 21:15:08,Noël Antoine Sagna,PHILIPPE,KENY,Attaquant,Droit,C- Potentiel,"Joueur puissant, assez bon jeu de tête, vitesse, jeu dos au but, techniquement moyen, que ce soit dans le dribble ou les prises de balle, manque de finition.
Peut être intéressant si il évolue dans une équipe ou les ballons arrivent dans la surface.
Joueur moyen.
"
186,2024-01-05 13:36:29,Noël Antoine Sagna,CEDRIC,KIPRE,Central,Droit,D- Vu ,"Joueur athlétique, solide, avec gros gabarit, techniquement pas mel, bonne relance sous pression, rien de bien extraordinaire, en difficulté devant la vitesse, a du mal à revenir une fois l'adversaire passé, malgré sa taille et son gabarit, j'ai pas vu d'impact physique dans ses interventions, de puissance , son jeu est beaucoup trop simple, pas d'apport offensif avec des passes en profondeur, du jeu long pour sauter les lignes."
187,2024-01-05 15:24:11,Noël Antoine Sagna,JORDI,VANLERBERGHE,Central,Droit,C- Potentiel,"Qualité défensive, bonne relance, solide dans les duels, capable de ressortir proprement le ballon sur du jeu long ou court, techniquement pas mal, difficile à éliminer dans le 1/1 bonne couverture des espaces, mais en difficulté devant la vitesse et vivacité.
Profil correct"
189,2024-01-06 08:23:22,Noël Antoine Sagna,DYLAN,BRONN,Central,Droit,C- Potentiel,"Défenseur agressif, apport offensif, bonne relance, très actif."
190,2024-01-06 09:53:26,Noël Antoine Sagna,MAXIME,LEVERBE,Central,Droit,D- Vu ,"Qualité technique, bonne relance, capable de jouer des 2 pieds, mais manque d'énergie, d'agressivité dans son jeu, souvent prit à défaut dans les 1/1."
191,2024-01-06 10:19:32,Noël Antoine Sagna,JOSH,BROOKING,Central,Droit,D- Vu ,"Peu de vidéos disponible pour bien le juger, ca parait manquer d'agressivité, d'énergie dans les duels ,du moins sur le peu que j'ai pu observer."
192,2024-01-06 11:22:20,Noël Antoine Sagna,GABRIEL,MUTOMBO,Central,Droit,D- Vu ,"Qualités défensives moyennes, mauvaise lecture du jeu, monte souvent au pressing sur l'adversaire en retard, relance et qualité technique moyenne ,par contre agressivité et beaucoup d'énergie dans son jeu."
194,2024-01-06 14:07:18,Noël Antoine Sagna,LUCAS,ALVES DE ARAUJO,Central,Droit,D- Vu ,"Qualité dans le jeu aérien, techniquement moyen, manque de vivacité, c'est lourd et lent face à la vitesse."
195,2024-01-06 14:37:21,Noël Antoine Sagna,IBOU,SANE,Attaquant,Droit,B- Suivi,"Qualité technique, vitesse, se projette et percute, qualité de dribble, jeu en mouvement, efforts défensif, bon joueur à l'horizon, très beau profil."
196,2024-01-06 15:57:39,Noël Antoine Sagna,SAMUEL,ESSENDE,Attaquant,Droit,B- Suivi,"Jeu dos au but, puissant et solide dans les duels, bonne protection de balle, sens du but, qualité technique, adroit devant le but.
Très bon profil"
197,2024-01-06 16:21:29,Noël Antoine Sagna,MUNASHE,GARANANGA,Central,Droit,A- Signature,"Bon défenseur, habitué au haut niveau pour son âge, qualité technique, va vite, bon dans les duels, bon jeu de tête, solide , jeu assez propre, bon placement, dur à éliminer dans le 1/1, va encore énormément progresser.
Super profil"
200,2024-01-08 09:11:25,Noël Antoine Sagna,YONAS,MALEDE,Attaquant,Droit,C- Potentiel,"Qualité technique, bon dribbleur, jeu dos au but sous pression, percute beaucoup balle au pied, aime prendre la profondeur avec sa vitesse et ses dribbles, il est capable de combiner même si il a besoin de progresser dans le jeu avec les autres, il a parfois tendance à choisir la solution individuelle sans se soucier du placement de ses coéquipiers. Il a des qualités de joueur de couloirs, il est à l'aise quand il y a des espaces, possède une assez bon qualité de centre, il serait plus un passeur qu'un buteur. Après c'est encore un jeune joueur qui peut surement progresser dans certaines domaines, notamment la finition , la dernière passe, apte pour le championnat Suisse, mais encore un peu limite pour le niveau européen."
201,2024-01-08 11:01:34,Noël Antoine Sagna,LELTSIN JERONIMO,SEMEDO CAMOES,Attaquant,Droit,D- Vu ,"Techniquement correct, assez bon jeu de tête, voit bien le jeu pour trouver ses coéquipiers sur des passes en profondeur, très calme dans les faces à face avec les gardiens, il parvient souvent à se procurer des situations.
Malgré tout, ca manque de beaucoup de chose, finition, puissance,  sa qualité de dribble est moyenne, niveau vitesse aussi, ce joueur est encore trop juste pour le haut niveau, il doit pouvoir faire beaucoup plus de différence, être beaucoup plus décisif en seconde division Suédoise pour être susceptible d'évoluer dans le championnat Suisse."
202,2024-01-08 13:24:18,Noël Antoine Sagna,ABDULRAHMAN,TAIWO,Attaquant,Droit,D- Vu ,"Joueur puissant et solide dans les duels, assez bonne protection de balle dos au but, va vite, joue collectif.
Manque de finition, d'adresse devant le but, techniquement c'est correct ,mais le tout un peu juste pour le haut niveau."
210,2024-01-09 09:20:25,Noël Antoine Sagna,LUKA,VUSKOVIC,Central,Droit,C- Potentiel,"Manque de vitesse, de vivacité, d'explosivité et d'agressivité, par contre il est mature dans son jeu alors qu'il n'a que 16ans, jeu long et court, il est calme et propre dans ses relances, techniquement bon. Grosse marge de progression en vue, il y a toujours moyen d'essayer de gommer ses lacunes par son placement, son anticipation ou sa lecture du jeu.
Il n'a que 16 ans et joue déjà en première division, et il est loin d'être ridicule."
213,2024-01-09 21:14:27,Noël Antoine Sagna,EMMANUEL,NTIM,Central,Droit,C- Potentiel,"Bon défenseur, dur à éliminer, il va vite, solide dans les duels, avec un bon jeu aérien.
Manque de justesse technique d'où ses relances parfois approximatives, sa relation avec le milieu de terrain est assez rare, il peine à sortir le ballon balle au pied ou sur une passe dans la profondeur. Sa qualité première est la défense, avec un bon placement , une bonne lecture de jeu."
216,2024-01-10 14:00:50,Alexander Weiss,Walid,Tigui,Attaquant,Deux pieds,A- Signature,"je peux envoyer le CV sportif via email. joué dans les équipes de jeunes de Milan et de l'Atalanta et et ces dernières années joué en quatrième division italienne (série D). Mais aimerais jouer en Suisse pour avoir plus de chances, car en Italie, les jeunes n'ont pas de chances. Merci e bonne journée"
217,2024-01-10 14:02:18,Noël Antoine Sagna,Walid,Tigui ,Attaquant,Deux pieds,A- Signature,"je peux envoyer le CV sportif via email.  joué dans les équipes de jeunes de Milan et de l'Atalanta et et ces dernières années joué en quatrième division italienne (série D). aimerais jouer en Suisse pour avoir plus de chances, car en Italie, les jeunes n'ont pas de chances. "
218,2024-01-10 14:02:41,Jérôme Adam,Walid,Tigui,Attaquant,Deux pieds,A- Signature,"je peux envoyer le CV sportif via email.  joué dans les équipes de jeunes de Milan et de l'Atalanta et et ces dernières années joué en quatrième division italienne (série D). aimerais jouer en Suisse pour avoir plus de chances, car en Italie, les jeunes n'ont pas de chances. "
222,2024-01-12 11:01:49,Noël Antoine Sagna,MARIOS,POURZITIDIS,Central,Gauche,B- Suivi,"Jeune joueur, avec une assez bonne relance, agressif et solide dans les duels, il joue simple, son jeu est propre et efficace, il a une bonne lecture du jeu, bon dans son placement et ses déplacements pour couvrir les espaces, malgré sa taille, je trouve qu'il a de bons appuis vifs."
223,2024-01-12 11:19:41,Noël Antoine Sagna,SOFYANE ,BOUZAMOUCHA,Central,Droit,B- Suivi,"Joueur rapide, très bon dans les duels 1/1 qu'il perd pratiquement jamais, difficile à éliminer, agressif et propre dans ses interventions,  il a un assez bon jeu de tête, une bonne relance, capable de ressortir balle au pied, pour apporter le surnombre, et puis il a une force de caractère, c'est un gagnant qui n'hésite pas à monter quand son équipe est menée. Mon point d'interrogation est sur sa vitesse de jeu,  est-ce que techniquement il sera pas légèrement juste ?"
224,2024-01-12 11:28:52,Noël Antoine Sagna,SEKOU,LEGA,Attaquant,Droit,C- Potentiel,"Qualité technique, se projette et percute vers l'avant, il va vite, il est solide dans les duels, bonne technique en mouvement, capable de jouer dans une position de pivot pour remiser, dévier sur les coéquipiers, beaucoup d'activités, de nombreuses courses, des appels, capable aussi de faire les efforts défensifs. Il manque parfois d'application, se précipité un peu dans certaines de ses décision, son envie de bien faire et sa motivation y sont surement pour quelque chose. Profil intéressant "
225,2024-01-12 11:40:40,Noël Antoine Sagna,ADAM,LANG,Central,Droit,C- Potentiel,"Joueur solide et très expérimenté, on le voit bien dans son jeu qui est propre, pas de prises de risques, ca joue d'abord son rôle de défenseur, dans ses interventions pleines de malices, il fait pas trop de fautes, il prend peu d'initiatives, mais tient son rôle très bien. Son expérience du haut niveau , son intelligence dans le placement et ses courses compensent énormément son manque de vitesse, de vivacité et d'explosivité, face à de la vitesse il est vite mis en difficulté, il doit être au contact ou à proximité de son adversaire pour pouvoir intervenir justement.
Profil intéressant."
227,2024-01-15 08:11:28,Noël Antoine Sagna,ALEKSA,DURASOVIC,Central,Droit,D- Vu ,"Grand gabarit, parait manquer de vitesse, pas assez de vidéos pour bine l'observer."
229,2024-01-15 09:09:36,Noël Antoine Sagna,KRISTIJAN,TOJCIC,6,Droit,B- Suivi,"Qualité technique, capable d'évoluer en défense central ou au milieu de terrain, il a une bonne relance, se projette vers l'avant à la récupération du ballon, capable d'effectuer une passe dans la profondeur, qualité de récupération , d'orientation, il est agressif dans les duels ,voit plutôt bien le jeu.
Profil intéressant "
233,2024-01-16 09:44:37,Noël Antoine Sagna,MATEUS,BRUNETTI,Central,Gauche,D- Vu ,"Rien d'extraordinaire, joueur agressif dans les duels , qualité de défense correct, relance moyenne."
234,2024-01-16 10:02:36,Noël Antoine Sagna,AARON,TSHIMUANGA,Ailier,Droit,D- Vu ,"Joueur rapide, besoin d'espace ,techniquement trop juste, manque de finition, de qualité de dribble, manque de beaucoup de choses."
242,2024-01-22 10:20:49,Alexander Weiss,Boubacar,CISSOKHO,6,Deux pieds,C- Potentiel,"Demande d'essai pour un joueur polyvalent au milieu de terrain, capable de jouer en position défensive ou de relayer. Ambidextre, mesurant 1m82, avec une VMA de 20. Excellente technicité, mentalité exemplaire, esprit d'équipe marqué, agressif face au porteur du ballon, prêt à assumer la concurrence. Actuellement membre de l'équipe de réserve du club Redstar en France, né en 2002, de nationalité sénégalaise. Maîtrise courante du français."
243,2024-01-22 10:22:18,Noël Antoine Sagna,Boubacar,CISSOKHO ,6,Deux pieds,C- Potentiel,"Demande d'essai pour un joueur polyvalent au milieu de terrain, capable de jouer en position défensive ou de relayer. Ambidextre, mesurant 1m82, avec une VMA de 20. Excellente technicité, mentalité exemplaire, esprit d'équipe marqué, agressif face au porteur du ballon, prêt à assumer la concurrence. Actuellement membre de l'équipe de réserve du club Redstar en France, né en 2002, de nationalité sénégalaise. Maîtrise courante du français."
245,2024-01-22 10:25:33,Jérôme Adam,Boubacar,CISSOKHO,6,Deux pieds,C- Potentiel,"Demande d'essai pour un joueur polyvalent au milieu de terrain, capable de jouer en position défensive ou de relayer. Ambidextre, mesurant 1m82, avec une VMA de 20. Excellente technicité, mentalité exemplaire, esprit d'équipe marqué, agressif face au porteur du ballon, prêt à assumer la concurrence. Actuellement membre de l'équipe de réserve du club Redstar en France, né en 2002, de nationalité sénégalaise. Maîtrise courante du français."
247,2024-01-22 20:34:58,Jérôme Adam,Mehdi ,Dioury,8,Droit,C- Potentiel,"https://www.transfermarkt.com/mehdi-dioury/profil/spieler/493283

https://youtu.be/NfTVmttoqTk"
248,2024-01-23 09:20:07,Noël Antoine Sagna,SAMUEL,NTAMACK,Attaquant,Droit,B- Suivi,"Bon techniquement, qualité de dribble, rapide, bon balle au pied avec bonne prise de balle, conduite, sens du but, il se situe vite devant le but, et est assez adroit devant.
Manque un peu d'énergie et de conviction dans son jeu par moment .
PROFIL TRES INTERESSANT"
249,2024-01-23 11:31:32,Noël Antoine Sagna,BENITO,RAMAN,Attaquant,Droit,D- Vu ,"Joueur généreux, très actif, bonne qualité technique, sait combiner avec ses coéquipiers, se projette vite vers l'avant.
Manque d'adresse devant le but, plus le profil d'un passeur."
250,2024-01-23 13:39:11,Noël Antoine Sagna,CHRISTIAN OSINACHI ,EBERE,Attaquant,Deux pieds,D- Vu ,"Manque de justesse techniquement, dans la passe, conduite de belle mal maitrisé, qualité de dribble moyen, finition aussi.
Profil moyen. "
251,2024-01-23 15:30:53,Noël Antoine Sagna,IBRAHIMA,NIANE,Attaquant,Droit,D- Vu ,"Qualité techniques correct, jeu de tête aussi,  parvient difficilement à se créer des situations, en difficulté sur l'ensemble de ses dernières apparitions, remplaçant dans son équipe, il débute rarement une partie."
254,2024-01-24 13:28:35,Noël Antoine Sagna,LUND,JENSEN VALDEMAR,Central,Gauche,C- Potentiel,"Jeune joueur, avec une bonne relance, dans le jeu long et court, capable d'effectuer des passes entres les lignes pour ressortir.
Ca manque de vitesse, de vivacité et d'explosivité, il est en difficulté devant la vitesse, ses appuis manquent de tonicité pour être explosif et rapide.
Ca doit compenser par le placement et l'anticipation."
255,2024-01-24 20:14:14,Noël Antoine Sagna,SYLLA,SOW,Attaquant,Droit,C- Potentiel,"Techniquement pas mal, il fait de bons appels, il a une belle frappe pure et puissante, dans la surface je trouve qu'il enchaine très vite contrôle frappe, il manque un peu d'adresse malgré tout, sa finition est à travailler, son jeu de tête est moyen pareil pour sa qualité de dribble."
256,2024-01-24 21:18:23,Noël Antoine Sagna,BOJAN,MIOVSKI,Attaquant,Gauche,B- Suivi,"Présence dans la surface, jeu en déviation dos au but, combine avec ses coéquipiers, qualité de dribble, qualité technique, va vite , spontané dans ses prises de décision devant le but, bon dans la finition et adroit.
Beau Profil"
257,2024-01-25 08:48:38,Noël Antoine Sagna,DUCKENS,NAZON,Attaquant,Droit,B- Suivi,"Joueur rapide, qualité technique balle au pied il peut frapper des 2 pieds, puissant dans les duels, agressif, il peut servir de point d'appui, de pivot et remiser sur ses coéquipiers, efforts défensif, joueur actif, capable de prendre la profondeur dans ses appels ou balle au pied.
PROFIL INTERESSANT"
259,2024-01-25 10:34:22,Noël Antoine Sagna,STAV,LEMKIN,Central,Droit,C- Potentiel,"Jeune joueur , il va vite, a de bons appuis défensif tonique et rapide, manque un peu d'agressivité dans sa défense en étant parfois un peu trop loin de son adversaire direct, dans le 1/1 il peut être en difficulté, sa capacité à lire le jeu de l'adversaire pour anticiper est encore à travailler, tout comme ses relances .
"
262,2024-01-25 13:02:06,Noël Antoine Sagna,DOMINGOS ,QUINA,8,Droit,B- Suivi,"Technique, projection balle au pied, qualité de récupération, bonne relance, agressif dans les duels, apport offensif.
BON PROFIL"
265,2024-01-25 18:14:10,Noël Antoine Sagna,ANTOINE ,MILLE,10,Gauche,C- Potentiel,"Qualités techniques, qualité de pied, techniquement à l'aise balle au pied, jeu long , qualité de passe, perd peu de ballons, capable de défendre, récupère beaucoup .
Bon joueur capable d'évoluer sur plusieurs postes au milieu, très bon dans les phases de transitions, il est capable de gratter des ballons, et relancer proprement sur du jeu long ou court, et ainsi amener le danger.
BON PROFIL
"
266,2024-01-26 07:40:23,Noël Antoine Sagna,GAIUS,MAKOUTA,6,Droit,A- Signature,"Déjà observé en novembre, joueur en pleine progression physique, très actif , récupération, relance propre et vers l'avant, bonne lecture du jeu, se place bien, agressif dans les duels, capable de jouer sur un côté, il peut prendre le couloir avec sa vitesse , déborder et centrer. Joueur plein d'énergie dans son jeu, volume de jeu, beaucoup de courses pour compenser les espaces .
BON JOUEUR"
267,2024-01-26 09:01:47,Noël Antoine Sagna,KORAY,GUNTER,Central,Droit,A- Signature,"Qualité de relance, bon dans les duels, agressif, jeu long, qualité dans le jeu aérien .
Joueur de haut niveau"
272,2024-01-27 20:28:41,Noël Antoine Sagna,OWUSU,KWABENA,8,Droit,C- Potentiel,"Qualité technique, se projette et percute balle au pied, il a besoin d'espace pour s'exprimer, capable de faire les efforts défensif."
275,2024-01-28 10:09:41,Noël Antoine Sagna,SVETOZAR,MARKOVIC,Central,Droit,B- Suivi,"Jeune défenseur, agressif et accrocheur dans les duels, en sens sa mentalité de gagneur, il va vite , couvre bien la profondeur, assez bonne relance, même si elle est assez basique. Sa vitesse est un véritable atout, elle lui permet d'être rarement battu dans les duels avec des adversaires rapide.
Il n'a que 24 ans, et une belle marge de progression.
PROFIL INTERESSANT"
277,2024-01-29 09:40:02,Noël Antoine Sagna,OMAR,REKIK,Central,Droit,C- Potentiel,"Jeune défenseur, bon dans les duels, bonne relance, il défend debout, bons appuis défensifs, qualités techniques, capable de joueur au ballon, ressortir proprement celui-ci sur des combinaisons ou du jeu long, bon jeu aérien.
Profil intéressant par ses qualités et son jeune âge."
278,2024-01-29 11:31:01,Noël Antoine Sagna,ANDREAS,KARO,Central,Droit,D- Vu ,"Grand gabarit, manque de vivacité, en difficulté face à la vitesse, et l'explosivité, malgré tout reste intéressant dans les 1/1 , il peut être difficile à éliminer, mais reste en difficulté quand ca accélère.
Relance propre moyenne surtout sous pression, absence de jeu long, de sorties de balle combinées avec ses coéquipiers, jeu aérien moyen.
Profil moyen"
279,2024-01-29 14:22:03,Noël Antoine Sagna,BAPTISTE ,GUILLAUME,Attaquant,Droit,C- Potentiel,"Qualités de joueur en pivot, jeu dos au but, remise, déviation, bon techniquement, capable de combiner avec ses partenaires, solide dans les duels, dans le jeu aérien où il est très efficace. Joueur de surface il a besoin d'être servi pour être décisif, ces derniers temps, à chaque qu'il frappe au but il cadre , il peut être un buteur redoutable si il est bien alimente.
Point négatif ca manque de vitesse, de vivacité et d'explosivité.
Profil intéressant "
281,2024-01-30 08:38:25,Noël Antoine Sagna,SEID,KORAC,Central,Droit,B- Suivi,"Jeune défenseur, grand gabarit, bonne relance que ce soit sous pression ou non, capable de repartir de derrière en jouant au ballon, bonne vision du jeu, difficile à éliminer dans les duels, même en 1/1 , qualités défensives, bon appuis , va plutôt vite, solide dans les duels, défense et jeu propre, peu de fautes, d'erreurs dans ses choix, couvre bien les espaces laissés.
BON PROFIL"
282,2024-01-30 10:08:41,Noël Antoine Sagna,JOEL,FAMEYEH,Attaquant,Droit,C- Potentiel,"Joueur rapide, avec une bonne qualité de jeu dos au but, capable de remiser même sous pression, bonne qualité de dribble, capable de se projeter balle au pied, solide dans les duels, bon jeu aérien. Apres ca manque de justesse sur ses prises de balle, il doit progresser dans la finition, et trop souvent il choisit la solution individuelle plutôt que collective. Assez intéressant dans un rôle de point de fixation et dans la surface."
283,2024-01-30 11:02:29,Noël Antoine Sagna,DANIJEL ,DJURIC,Ailier,Droit,C- Potentiel,"Qualité technique, doit encore progresser dans beaucoup de domaine, n'apportera pas de plus value au Servette."
284,2024-01-30 12:59:12,Noël Antoine Sagna,STEFEN,ODEY,Attaquant,Droit,D- Vu ,"Assez bonne qualité technique ,il  manque de puissance, beaucoup de déchets dans son jeu, il peine dans le dernier geste, la dernière passe, parvient rarement à se créer des situations, des occasions, malgré son activité et sa disponibilité."
285,2024-01-30 13:45:21,Noël Antoine Sagna,LAMINE,DIABY FADIGA,Attaquant,Gauche,B- Suivi,"Profil de l'avant centre type avec une qualité de dribble qui lui permet d'éliminer balle au pied et de finir, bon jeu dos au but, capable de dévier, remiser, techniquement bon ,bon jeu de tête, intelligent dans ses déplacements.
Doit progresser aussi au niveau mental, doit être beaucoup plus agressif dans son jeu, plus de conviction, de hargne dans ses gestes, durcir son jeu.
Très bon profil."
286,2024-01-31 14:20:52,Noël Antoine Sagna,BASSIROU,MBACKE NDIAYE,Ailier,Droit,B- Suivi,"Vitesse, projection balle au pied, puissant, son jeu doit gagner en maturité, progresser tactiquement et techniquement.
TRES BON PROFIL"
287,2024-01-31 17:01:33,Noël Antoine Sagna,ERDON,DACI,Attaquant,Gauche,C- Potentiel,"Qualité des appels dans la profondeur, techniquement correct, bon pied gauche, généreux dans les efforts, solide dans les duels. Dos au but il a une capacité à se retourner pour enchainer et frapper. Son jeu en pivot sur les remise, déviation est moyen, tout comme son jeu de tête, et son adresse, ca manque de vitesse dans le geste, et de vitesse pure."
288,2024-02-01 10:34:46,Noël Antoine Sagna,LUBOMIR,TUPTA,10,Droit,B- Suivi,"Bon technicien, qualité de dribble, à l'aise balle au pied, capable de se projeter, de percuter , bonne qualité de pied, capable de faire de bonnes passes dans la profondeur faisant la différence, bonne vision de jeu, sous la pression adverse son aisance technique lui permet de se sortir de bien des situations. Vitesse intéressante balle au pied, qui lui permet de casser les lignes, pas le profil du 9 type, 10 ou 8 oui avec sa capacité à servir ses partenaire ou à être décisif . Observé aussi, le travail défensif n'est pas sa qualité première, et peut-être un léger soupçon d'irrégularité dans ses performances .
BON PROFIL"
290,2024-02-01 12:13:41,Noël Antoine Sagna,ADI,NALIC,Attaquant,Droit,C- Potentiel,"Grand gabarit, rapide et à l'aise balle au pied malgré sa taille, bonne frappe de balle, solide dans les duels offensif, il est capable de faire l'effort offensif. Jeu en pivot dos au but moyen, ca manque de précision, d'application dans les remises. Juste dans la finition , il est pas assez décisif sur le dernier geste face au gardien, joueur ayant besoin d'être bien entouré et bien servi pour performer."
292,2024-02-01 12:56:19,Noël Antoine Sagna,JOEL,VOELKERLING PERSSON,Attaquant,Droit,D- Vu ,"Joueur en grande difficulté, manque de confiance, d'envie peut être, mais on sent bien le mal être dans son jeu, il manque tout même le plus simple.
Mais montre un profil d'avant centre des surfaces."
296,2024-02-02 07:44:16,Noël Antoine Sagna,GABRIEL,CHARPENTIER,Attaquant,Droit,B- Suivi,"Très bon jeu de tête, joueur rapide, bonne qualité de dribble, qualité technique, puissant et solide dans les duels, son jeu dos au but est correct, dans ces moments il est beaucoup plus dans l'action de remiser de suite, plutôt que de garder le ballon , capable d'être décisif dans les derniers instants du match surtout avec son jeu de tête."
297,2024-02-02 08:04:23,Noël Antoine Sagna,YOANN,COURT,Ailier,Gauche,B- Suivi,"Qualité technique, joueur vif, rapide, tonique, jeu en mouvement, bonne qualité de pied, capable de jouer avec les autres, de percuter et se projeter , d'éliminer balle au pied, de faire la dernière passe."
298,2024-02-02 08:55:33,Noël Antoine Sagna,PRESTIGE,MBOUNGOU,Ailier,Droit,C- Potentiel,"Joueur vif, tonique, efficace surtout lorsqu'il est en mouvement, capable de déborder, aime le 1/2 pour ensuite percuter ou se projeter balle au pied, joueur très collectif, il est assez adroit devant les buts."
299,2024-02-02 10:50:57,Noël Antoine Sagna,FADIGA,BANDIOUGOU,Ailier,Droit,C- Potentiel,"Joueur percutant, va vite, jeu tonique et vif qui amène de la vitesse, beaucoup de courses et d'appels, efforts défensif, ca manque malgré tout de maitrise technique, même si il est capable par moments de se créer des occasions demandant une certaine maitrise, ca engendre des pertes de balles. Son jeu a besoin d'espace, ou il fait preuve d'un peu plus de maitrise."
300,2024-02-05 14:22:23,Noël Antoine Sagna,YOAN,KORE,Central,Droit,B- Suivi,"Défenseur technique, bonne relance, capable d'utiliser ses 2 pieds pour ressortir proprement la balle sur du jeu court ou long, défense debout, pressing sur l'adversaire en laissant peu d'espace, bon jeu de tête, bonne couverture des espaces, solide dans les duels.
Après ca manque d'anticipation, niveaux vitesse et vivacité c'est moyen , d'où certaines difficultés dans le 1/1 quand ca va vite."
301,2024-02-05 14:31:53,Noël Antoine Sagna,FADIGA,BANDIOUGOU,Ailier,Droit,C- Potentiel,"Joueur rapide, vif beaucoup de courses et d'appels, percute ,amène de la vitesse au jeu, joueur plein d'énergie, tout en vitesse et tonicité, capable de faire les efforts défensif.
Manque un peu de maitrise technique, un peu brouillon par moment, doit apprendre à mieux situer ses coéquipiers pour combiner et ne pas choisir la solution individuelle lorsque ca manque d'espace, alors que soin jeu à besoin d'espace."
302,2024-02-05 14:37:42,Noël Antoine Sagna,LONI,QUENABIO,Central,Droit,C- Potentiel,"Bon défenseur, à l'aise dans les 1/1 ou il en ressort souvent gagnant, bon dans le placement, récupère pas mal de ballons, relance propre sur une passe ou sortie balle au pied pour apporter le surnombre, sait joueur au ballon , joueur intelligent.
Coté lacunes, ca parait manquer de vitesse, d'explosivité, et de vivacité ;
Profil intéressant"
303,2024-02-06 08:16:53,Noël Antoine Sagna,AMINE,KHECHE,6,Droit,D- Vu ,PAS DE VIDEOS POUR JUGER
304,2024-02-06 09:17:30,Noël Antoine Sagna,ELIAS,SPAGO,Central,Gauche,D- Vu ,"Défenseur moyen, relance moyenne , duels correct, vitesse moyenne ."
305,2024-02-06 10:10:37,Noël Antoine Sagna,MARIUS,CORBU,8,Droit,B- Suivi,"Joueur propre, intelligent, qualité technique, vision du jeu, facile dans les phases de transitions, il peut attaquer, défendre, que ce soit dans l'axe ou sur un coté, très disponible, il offre toujours une solution à ses coéquipiers pour relancer le jeu de derrière, ou trouver une passe vers l'attaquant.
 Perd peu de ballons, joue juste, simple et efficace, joueur très actif il a une bonne vision de jeu et joue juste.
SUPER PROFIL"
306,2024-02-06 11:38:27,Noël Antoine Sagna,MOHAMED AZZIZ,ABID,Attaquant,Droit,C- Potentiel,"Joueur rapide, technique, plein d'énergie, jeu vers l'avant, prise de profondeur, débordement."
307,2024-02-06 12:14:29,Noël Antoine Sagna,ADEM,OUERTANI,6,Droit,C- Potentiel,"Joueur technique, parait avoir une belle et grosse frappe de balle."
308,2024-02-06 13:10:43,Noël Antoine Sagna,MOHAMED,NASRAOUI,Central,Droit,D- Vu ,"Défenseur avec une relance correcte, moyen dans le 1/1, parait en difficulté quand il y a de la vitesse, pas grand chose à voir pour le moment."
309,2024-02-06 14:09:58,Noël Antoine Sagna,GUILLERMO,MAY,Attaquant,Gauche,C- Potentiel,"Qualité technique, parait avoir un bon pied gauche et un bon jeu de tête, très actif, beaucoup de courses, travail défensif, accrocheur et agressif dans les duels."
310,2024-02-07 08:26:21,Noël Antoine Sagna,PABLO,GALDAMES,6,Droit,B- Suivi,"Qualités technique, bonne orientation du jeu, agressif dans les duels, facile sur ses prises de balles orientés dos au jeu, milieu récupérateur très offensif.
Profil très intéressant"
311,2024-02-07 10:23:16,Noël Antoine Sagna,LEVAN,OSIKMASHVILI,6,Droit,C- Potentiel,"Joueur très accrocheur, agressif dans les duels, constamment au pressing, récupère pas mal de ballon, assez bonne relance, capable d'orienter le jeu, manque de puissance."
312,2024-02-08 08:35:18,Noël Antoine Sagna,SALIFOU,SOUMAH,Attaquant,Gauche,B- Suivi,"Jeune joueur de 20 ans, qualités techniques, de dribble, rapide, cherche beaucoup la profondeur que ce soit balle au pied, ou dans la passe, voit vite et bien le jeu.
Super profil"
315,2024-02-08 11:42:08,Noël Antoine Sagna,VIANA FILHO,RICARDO,Attaquant,Droit,C- Potentiel,"Jeune joueur intéressant de par son sens du but, joueur de surface, besoin d'être alimenté en ballon, sa qualité technique est moyenne, il parvient rarement à éliminer sur un dribble et faire la différence tout seul . Son jeu dos au but est correct, il frappe de n'importe ou et dans n'importe quelle position malgré une qualité de frappe moyenne.
Parfois tendance à oublier ses coéquipiers dans ces moments là.
Après ca manque de vitesse, de puissance, sa protection de balle est a travailler, son jeu de tête moyen aussi .
Jeune joueur qui peut encore progresser dans certains domaines."
316,2024-02-08 12:35:03,Noël Antoine Sagna,YOUSEF,SALECH,Attaquant,Droit,C- Potentiel,"Joueur de surface , besoin d'être bien entouré pour recevoir des ballons, bon jeu de tête, puissant, techniquement adroit, il peut être intéressant si il vient a mieux finir ses occasions. Son manque de vitesse, de vivacité et de vitesse d'exécution assez visible, il peut être efficace sur du jeu en pivot, de déviation , son champ d'action doit être dans la surface pour mieux exploiter ses qualités."
317,2024-02-08 12:57:16,Noël Antoine Sagna,BRICE,NEGOUAI,Latéral,Droit,D- Vu ,"Pas assez d'image pour bien l'évaluer, mais parait manquer un peu de vivacité , à confirmer ou pas avec d'autres images."
318,2024-02-08 13:09:57,Noël Antoine Sagna,JUSTIN,HAAK,6,Droit,C- Potentiel,"Qualités technique, oriente bien le jeu, bonne relance, bon à la récupération."
319,2024-02-08 13:45:00,Noël Antoine Sagna,RAKI,AOUANI,Ailier,Droit,C- Potentiel,"Jeune joueur avec une bonne qualité technique, dribbleur, vitesse."
320,2024-02-09 08:02:19,Noël Antoine Sagna,JACQUES AMOUR ,MBE,6,Droit,D- Vu ,Manque d'impact et de puissance dans le jeu.
321,2024-02-09 09:51:56,Noël Antoine Sagna,AKSU,DUHAN,Latéral,Gauche,D- Vu ,"Joueur calme, relance correcte mais avec un manque de vivacité, tonicité, idem pour  l'agressivité dans les duels qui manque d'impact physique, et niveau vitesse pure c'est moyen aussi."
322,2024-02-09 10:22:37,Noël Antoine Sagna,TEENAGE,HADEBE,Central,Gauche,D- Vu ,"Agressif et impact dans les duels, solide défenseur, mais trop juste techniquement pour une défense qui ressort et relance balle au pied sur du jeu court ou long. "
323,2024-02-10 09:56:24,Noël Antoine Sagna,EDGAR MIGUEL,LE,Central,Droit,D- Vu ,"Défenseur agressif, solide et vif, il est en difficulté sur ses relances, manque de justesse technique et de vitesse d'exécution dans ces moments, ses prises de décision sous pression adverse sont trop lente . Dans une équipe qui repart court de derrière, il sera en difficulté."
324,2024-02-12 07:57:00,Noël Antoine Sagna,HYSENI,MUHAMET,Attaquant,Deux pieds,C- Potentiel,"Profil intéressant, capable de jouer des 2 pieds, dans son jeu dos au but il décroche souvent pour un 1-2 et se projette derrière, il a une assez bonne qualité technique, belle présence dans la surface, appels dans le dos de la défense.
Ne connaissant pas le football Kosovar, je reste interrogatif sur le niveau du championnat.
Profil intéressant "
325,2024-02-12 08:54:37,Noël Antoine Sagna,JON, MERSINAJ,Central,Droit,C- Potentiel,"Défenseur agressif, accrocheur, pressing sur l'adversaire, qualité défensive dans le 1/1 correcte, il va vite , assez bonne relance."
331,2024-02-13 08:18:52,Noël Antoine Sagna,MIGUEL ANGELO XEKA,DA SILVA ROCHA,6,Droit,C- Potentiel,"Joueur d'expérience, qualité technique, bonne orientation du jeu, capacité à freiner la progression du ballon sur les attaques adverse par son placement et son pressing .
Par contre ca manque de vivacité, et d'explosivité, sur les phases défensives même si il peut faire preuve d'agressivité, il peut être en difficulté face à de la vitesse. Je trouve aussi qu'il manque un peu de justesse technique sur ses passes, ses transmissions qui n'arrivent pas toujours."
332,2024-02-13 08:45:20,Noël Antoine Sagna,ABDELKADER ,BOUTICHE,8,Droit,D- Vu ,"Joueur technique, joue simple et propre, mais manque de beaucoup de chose, agressivité, puissance, vitesse.... "
333,2024-02-13 12:02:52,Noël Antoine Sagna,KOEN,KOSTON,Attaquant,Deux pieds,C- Potentiel,"Joueur décrochant beaucoup, capable de remiser ou dévier dans ces moments, pour ensuite se projeter vers l'avant, capacité à faire la dernière passe en débordant ou en effectuant cette dernière dans la profondeur.
Techniquement c'est pas mal, il est capable de jouer au ballon, sa qualité de dribble est moyenne, comme son jeu de tête, ca pèche aussi dans l'adresse devant le but, ca doit cadrer beaucoup plus, et concrétiser un peu plus ses faces à face.
Profil intéressant mais......léger doute sur sa capacité à passer encore un cap pour le haut niveau.
"
334,2024-02-13 13:26:19,Noël Antoine Sagna,Evan ,Eghosa Aisowieren,8,Droit,D- Vu ,"IMPOSSIBLE A EVALUER, PAS DE VIDEOS DISPONIBLES."
335,2024-02-13 14:18:29,Noël Antoine Sagna,MOHAMED,ZOUNGRANA,6,Droit,D- Vu ,"Rien de bien transcendant, joueur moyen dans la récupération, la transmission, l'orientation du jeu.
Image vidéo mauvaise
Revoir plus tard"
336,2024-02-13 15:01:14,Noël Antoine Sagna,SANTIAGO MISAEL,NUNEZ,Central,Droit,D- Vu ,"Défenseur vif et tonique sur les appuis, en difficulté dans la relance, défends pas debout ."
337,2024-02-13 16:16:54,Noël Antoine Sagna,KEVIN MATHIAS,LEWIS RODRIGUEZ,6,Gauche,C- Potentiel,"Bonne qualité technique, bonne relance , ressort assez proprement le ballon, pas mal dans la récupération et l'orientation du jeu. 
Manque de puissance et d'impact physique dans les duels."
338,2024-02-14 15:42:39,Noël Antoine Sagna,BAPTISTE ,ROUX,Central,Droit,D- Vu ,"Bonne relance sauf sous pression, ca manque de vitesse, ca perd beaucoup de ballon quand le jeu s'accélère, manque d'impact , de vivacité, d'explosivité dans les duels."
339,2024-02-14 16:21:44,Noël Antoine Sagna,MARTIN,REA ZUCCOTTI,Central,Droit,D- Vu ,"Défenseur central avec une relance assez basic, manque d'efficacité , dégage plus le ballon qu'il ne relance sous pression, vite prit de vitesse devant des joueurs en mouvement, malgré l'expérience qu'il lui permet de gagner certains duels en déséquilibrant légèrement son adversaire.
Défenseur moyen."
340,2024-02-14 16:52:59,Noël Antoine Sagna,MARTIN,GIANOLI,Central,Gauche,D- Vu ,"Grand défenseur, utilise bien son corps pour défendre, mais manque de vitesse, vivacité, d'agressivité dans les duels, et sa relance longue est très moyenne.
Pas le profil pour relancer et joueur proprement en partant de derrière."
